Q,W
Z,a
Z,a
Z,a
Z,a
Z,a
Z,a
Z,a
Z,a
Z,a
Z,a
Z,a
Z,a
Z,a
Z,a
Z,a
Z,a
Z,a
Z,a
Z,a
Z,a
Z,a
Z,a
Z,a
Z,a
Z,a
Z,a
Z,a
Z,a
Z,a
Z,a
Z,a
Z,a
Z,a
Z,a
Z,a
Z,a
Z,a
Z,a
Z,a
Z,a
Z,a
Z,a
Z,a
Z,a
Z,a
Z,a
Z,a
Z,a
Z,a
Z,a
Z,a
Z,a
Z,a
Z,a
Z,a
Z,a
Z,a
Z,a
Z,a
Z,a
Z,a
Z,a
Z,a
Z,a
Z,a
Z,a
Z,a
Z,a
Z,a
Z,a
Z,a
Z,a
Z,a
Z,a
Z,a
Z,a
Z,a
Z,a
Z,b
Z,b
Z,b
Z,b
Z,b
Z,b
Z,b
Z,b
Z,b
Z,b
Z,b
Z,b
Z,b
Z,b
Z,b
Z,b
Z,b
Z,b
Z,b
Z,b
Z,b
Z,b